URL,Location,Location
AnchorageAK,"Anchorage, Alaska"
CordovaAK,"Cordova, Alaska"
FairbanksAL,"Fairbanks, Alaska"
FtGreelyDeltaJunctionAK,"Delta Junction, Alaska"
GustavusAk,"Gustavus, Alaska"
HoustonAK,"Houston, Alaska"
JuneauAK,"Juneau, Alaska"
KenaiPeninsulaAK,"Kenai Peninsula, Alaska"
KetchikanAK,"Ketchikan, Alaska"
kodiakfreecycle,"Kodiak Island, Alaska"
MatanuskaSusitnaValleyAK,"Susitna, Alaska"
Naknek-KingSalmonAK,"King Salmon, Alaska"
PrinceOfWalesAK,"Prince of Wales, Alaska"
SitkaAK,"Sitka, Alaska"
WasillaAK,"Wasilla, Alaska"
AhwatukeeAZ,"Ahwatukee, Arizona"
AnthemNewRiverAZ,"Anthem, Arizona"
BensonAZ,"Benson, Arizona"
Bisbee-SierraVistaAZ,"Sierra Vista, Arizona"
BullheadCityAZ,"Bullhead City, Arizona"
CasaGrandeAZ,"Casa Grande, Arizona"
ChandlerAZ,"Chandler, Arizona"
ChinoValleyAZ,"Chino Valley, Arizona"
Coolidge_FlorenceAZ,"Coolidge, Arizona"
Dewey-HumboldtAZ,"Humboldt, Arizona"
Douglas-SSVFreecycle,"Douglas, Arizona"
FlagstaffAZ,"Flagstaff, Arizona"
freecycle,"Tucson, Arizona"
freecycle_vail,"Vail, Arizona"
FreecycleApacheJunction,"Apache Junction, Arizona"
freecycleavondaleaz,"Litchfield, Arizona"
FreecycleBuckeye,"Buckeye, Arizona"
freecycleglobemiami,"Globe, Arizona"
freecyclemaricopa,"Maricopa, Arizona"
freecyclephoenix,"Phoenix, Arizona"
FreeCyclePrescott,"Prescott, Arizona"
GilbertAZ,"Gilbert, Arizona"
Glendale_AZ,"Glendale, Arizona"
greenvalleysahuarita,"Green Valley, Arizona"
HolbrookAZ,"Holbrook, Arizona"
KearnyAz,"Kearny, Arizona"
KingmanAZ,"Kingman, Arizona"
LakeHavasuAZ,"Lake Havasu City, Arizona"
LaveenFreecycle,"Laveen, Arizona"
maranafreecycle,"Marana, Arizona"
MesaAZ-Freecycle,"Mesa, Arizona"
MesaEastAZFreecycle,"East Mesa, Arizona"
Nogales_RioRicoAZ,"Nogales, Arizona"
NorthPhoenix-Freecycle,"North Phoenix, Arizona"
PaysonAZ,"Payson, Arizona"
PeoriaAz,"Peoria, Arizona"
queencreekazfreecycle,"Queen Creek, Arizona"
QZ_Freecycle,"Quartzsite, Arizona"
SaffordAZ,"Safford, Arizona"
ScottsdaleAZ,"Scottsdale, Arizona"
sedonafreecycle,"Sedona, Arizona"
SurpriseAZ,"Surprise, Arizona"
TempeAZ,"Tempe, Arizona"
VerdeValleyAZ,"Camp Verde, AZ"
WhiteMountainsAZ,"Heber, Arizona"
Wrangell_AK,"Wrangell, Alaska"
ArkadelphiaAR,"Arkadelphia, Arkansas"
ArkansasCoAR,"Arkansas County, Arkansas"
BatesvilleAR,"Batesville, Arkansas"
BentonBryantAR,"Benton, Arkansas"
BentonvilleAR,"Bentonville, Arkansas"
MississippiCountyAR,"Blytheville, Arkansas"
BooneCountyAR,"Boone County, Arkansas"
CleburneCountyAR,"Cleburne County, Arkansas"
ClevelandCountyAR,"Cleveland County, Arkansas"
Desha-County-AR,"Desha County, Arkansas"
DrewCounty,"Drew County, Arkansas"
ElDoradoAR,"El Dorado, Arkansas"
FaulknerCountyAR,"Faulkner County, Arkansas"
Fayetteville,"Fayetteville, Arkansas"
ForrestCityAR,"Forrest City, Arkansas"
FortSmithAR,"Fort Smith, Arkansas"
FranklinCountyAR,"Franklin County, Arkansas"
freecycle_ar_CarrollCounty,"Berryville, Arkansas"
Freecycle_Arkansas_JohnsonCounty,"Johnson County, Arkansas"
Freecycle_Little_Rock_Arkansas_Metro,"Little Rock, Arkansas"
FultonCoAR,"Fulton County, Arkansas"
GrantCountyAR,"Grant County, Arkansas"
HopeAR,"Hope, Arkansas"
HotSpringCoAR,"Hot Spring County, Arkansas"
HotSpringsAR,"Hot Springs, Arkansas"
HowardCoAR,"Nashville, Arkansas"
IzardCountyAR,"Izard County, Arkansas"
JacksonvilleAR,"Jacksonville, Arkansas"
JonesboroAR,"Jonesboro, Arkansas"
LawrenceCoAR,"Lawrence County, Arkansas"
LonokeCountyAR,"Lonoke County, Arkansas"
MadisonCoAR,"Madison County, Arkansas"
MagnoliaAR,"Magnolia, Arkansas"
MaumelleAR,"Maumelle, Arkansas"
MonroeAR,"Monroe, Arkansas"
MontgomeryCountyAR,"Montgomery County, Arkansas"
MorriltonAR,"Morrilton, Arkansas"
MountainHomeAR,"Mountain Home, Arkansas"
NewportAR,"Newport, Arkansas"
NewtonCountyFreecycle,"Newton County, Arkansas"
OuachitaCoAR,"Ouachita County, Arkansas"
ParagouldAR,"Paragould, Arkansas"
PikeCounty_AR,"Pike County, Arkansas"
Pine_Bluff_Freecycle,"Pine Bluff, Arkansas"
PoinsettCoAR,"Poinsett County, Arkansas"
PolkCoAR,"Polk County, Arkansas"
PrescottAR,"Prescott, Arkansas"
RandolphCountyAR,"Randolph County, Arkansas"
RussellvilleAR,"Russellville, Arkansas"
ScottCoAR,"Scott County, Arkansas"
SearcyAR,"Searcy, Arkansas"
SearcyCoAR,"Searcy County, Arkansas"
SevierCoAR,"Sevier County, Arkansas"
SharpCntyAR,"Sharp County, Arkansas"
SherwoodAR,"Sherwood, Arkansas"
SpringdaleAR,"Springdale, Arkansas"
StoneCounty,"Stone County, Arkansas"
VanBurenCounty_Freecycle,"Van Buren County, Arkansas"
WynneAR,"Wynne, Arkansas"
YellCountyAR,"Yell County, Arkansas"
YumaAZ,"Yuma, Arizona"
29PalmsFreecycle,"Twentynine Palms, California"
AlamedaCA,"Alameda, California"
AlhambraCa,"Alhambra, California"
AlturasCA,"Alturas, California"
American_Canyon_CA_Freecycle,"American Canyon, California"
AntiochCA,"Antioch, California"
AppleValleyCA,"Apple Valley, California"
ArcadiaCA,"Arcadia, California"
Atascadero_CA,"Atascadero, California"
AtwaterCa,"Atwater, California"
AuburnCA,"Auburn, California"
BakersfieldCA,"Bakersfield, California"
BaldwinParkCA,"Baldwin Park, California"
BarstowCA,"Barstow, California"
BellGardensCa,"Bell Gardens, California"
BelmontCA,"Belmont, California"
BerkeleyCA,"Berkeley, California"
BigBearLakeCA,"Big Bear Lake, California"
BigSurCA,"Big Sur, California"
BigValleyCA,"Big Valley, California"
BishopCA,"Bishop, California"
BlytheCA,"Blythe, California"
BrentwoodNorthCA,"Brentwood (Northern CA), California"
BrentwoodSouthCA,"Los Angeles, California 90049"
BurbankGlendaleCA,"Glendale, California"
Burlingame,"Burlingame, California"
CalaverasCntyCA,"Calaveras County, California"
CameronParkCA,"Cameron Park, California"
CampbellCA,"Campbell, California"
CampPendletonCA,"Camp Pendleton, California"
CarlsbadCA,"Carlsbad, California"
Carmichael_CA,"Carmichael, California"
CarsonFreecycle,"Carson, California"
CastaicCa,"Castaic, California"
CastroValley_CA,"Castro Valley, California"
CathedralCity_CA,"Cathedral City, California"
CeresCA,"Ceres, California"
ChicoCA,"Chico, California"
ChinoCA,"Chino, California"
ChowchillaCAFreecycle,"Chowchilla, California"
ChulaVistaCA,"Chula Vista, California"
CitrusHeightsCA,"Citrus Heights, California"
ClaremontCA,"Claremont, California"
ClearlakeCA,"Clearlake, California"
Clovis_CA,"Fresno, California"
Coalinga_CA,"Coalinga, California"
ColtonCa,"Colton, California"
ConcordCA,"Concord, California"
CoronaCA,"Corona, California"
costamesa,"Costa Mesa, California"
CupertinoCA,"Cupertino, California"
DanvilleCA,"Danville, California"
DavisFreecycle,"Davis, California"
DelNorteCountyCa,"Del Norte County, California"
DesertHotSpringsCA,"Desert Hot Springs, California"
DiamondBarCa,"Diamond Bar, California"
DownievilleCA,"Downieville, California"
DublinCA,"Dublin, California"
EagleRockCA,"Eagle Rock, California"
EastvaleCa,"Eastvale, California"
Edwards-Ca,"Edwards, California"
ElkGroveFreecycle,"Elk Grove, California"
EmeryvilleCA,"Emeryville, CA"
EncinitasCA,"Encinitas, California"
EscondidoCA,"Escondido, California"
Fairfield_CA_Freecycle,"Fairfield, California"
FairOaksCA,"Fair Oaks, California"
FallbrookCA,"Fallbrook, California"
FolsomCA,"Folsom, California"
FontanaCA,"Fontana, California"
FortIrwinCA,"Fort Irwin, California"
FosterCityCA,"Foster City, California"
FrazierParkCA,"Frazier Park, California"
Freecycle_Lompoc,"Lompoc, California"
Freecycle_MV,"Mission Viejo, California"
FreecycleAnaheim,"Anaheim, California"
group/FullertonCA,"Fullerton, California"
FreecycleGG,"Garden Grove, California"
FreecycleIrvine,"Irvine, California"
FreecycleLN,"Laguna Niguel, California"
freecyclemenifee,"Menifee, California"
group/PalmdaleCA,"Palmdale, California"
FreecycleRSM,"Rancho Santa Margarita, California"
group/SantaAnaCA,"Santa Ana, California"
FremontCA,"Fremont, California"
GaltCA,"Galt, California"
GilroyCA,"Gilroy, California"
GlendoraCA,"glendora, California"
GrassValleyCA,"Grass Valley, California"
GreenhavenCA,"Greenhaven, California"
Guerneville_CA_Freecycle,"Guerneville, California"
Hanford_CA_Freecycle,"Hanford, California"
HaywardCA,"Hayward, California"
HealdsburgCA,"Healdsburg, California"
HemetCA,"Hemet, California"
HerculesCA,"Hercules, California"
HesperiaFreecycle,"Hesperia, California"
HighlandCaFreecycle,"Highland, California"
HollisterCA,"Hollister, California"
HumboldtCntyCA,"Humboldt County, California"
HuntingtonBeachCA,"Huntington Beach, California"
Idyllwild_ValleVista_CA,"Idyllwild, California"
ImperialValleyCA,"Imperial Valley, California"
Jackson-Ca,"Jackson, California"
LaCanadaCA,"LaCanada Flintridge, California"
lafreecycle,"Los Angeles, California"
LakeArrowheadCA,"Lake Arrowhead, California"
LakeElsinoreCA,"Lake Elsinore, California"
LakeIsabellaCA,"Lake Isabella, California"
LakeLosAngelesCA,"Lake Los Angeles, California"
Lakeport_KelseyvilleCA,"Lakeport, California"
LamorindaCA,"Lafayette, Moraga
LancasterCA,"Lancaster, California"
LaQuintaCa,"La Quinta, California"
Lawndale_CA,"Lawndale, California"
LemooreCA,"Lemoore, California"
LeonaValleyCA,"Leona Valley, California"
LincolnCA,"Lincoln, California"
LivermoreCA,"Livermore, California"
LodiCa,"Lodi, California"
LongBeachCA,"Long Beach, California"
Los_Gatos_CA,"Los Gatos, California"
LosAltosCA,"Los Altos, California"
LucerneValleyCA,"Lucerne Valley, California"
MaderaCA,"Madera, California"
ManhattanBeachCAFreecycle,"Manhattan Beach, California"
Manteca_CA,"Manteca, California"
marinfreecycle,"Marin County, California"
MariposaCA,"Mariposa, California"
MartinezCA,"Martinez, California"
mendocinocountyfreecycle,"Mendocino County, California"
MenloParkCA,"Menlo Park, California"
MercedCountyCA,"Merced County, California"
MillValleyCA,"Mill Valley, California"
Milpitas_Berryessa_EastSanJose_CA,"Milpitas, California"
ModestoCA,"Modesto, California"
MojaveCA,"Mojave, California"
MontereySalinasCA,"Monterey, California"
MoorparkCA,"Moorpark, California"
MorenoValleyCA,"Moreno Valley, California"
MorganHillCA,"Morgan Hill, California"
MountainViewCAFreecycle,"Mountain View, California"
MurrietaCa,"Murrieta, California"
group/NapaCA,"Napa, California"
NewarkCA,"Newark, California"
NewmanCA,"Newman, California"
NorthHollywoodCA,"North Hollywood, California"
NorthridgeCA,"Northridge, California"
NorthSacramentoCA,"North Sacramento , California 95815"
Norwalk-California,"Norwalk, California"
OakhurstCA,"Oakhurst, California"
oaklandfreecycle,"Oakland, California"
OceansideCA,"Oceanside, California"
OntarioCA,"Ontario, California"
OrangevaleCA,"Orangevale, California"
OrovilleCA,"Oroville, California"
OxnardCA,"Oxnard, California"
PalmSpringsCA,"Palm Springs, California"
Palo_Alto_CA_Freecycle,"Palo Alto, California"
PalosVerdesCA,"Palos Verdes, California"
ParadiseCA,"Paradise, California"
PasoRobles_CA,"Paso Robles, California"
PerrisCA,"Perris, California"
PetalumaCA,"Petaluma, California"
PhelanCA,"Phelan, California"
pinole,"Pinole, California"
PittsburgCA,"Pittsburg, California"
Placerville_CA_Freecycle,"Placerville, California"
PleasantonCA,"Pleasanton, California"
PortervilleCA,"Porterville, California"
PortolaCA,"Portola, California"
PowayCA,"Poway, California"
QuincyCA,"Quincy, California"
RamonaCA,"Ramona, California"
RanchoCordovaCA,"Rancho Cordova, California"
RanchoCucamongaCA,"Rancho Cucamonga, California"
RedBluffCA,"Red Bluff, California"
ReddingCA-Freecycle,"Redding, California"
RedlandsCA,"Redlands, California"
RedondoBeachCA,"Redondo Beach, California"
RedwoodcityCA,"Redwood City, California"
ReedleyCA,"Reedley, California"
RichmondCA,"Richmond, California"
RidgecrestCA,"Ridgecrest, California"
RioLindaCA,"Rio Linda, California"
RioVistaCA,"Rio Vista, California"
RiversideCA,"Riverside, California"
RocklinCA,"Rocklin, California"
RohnertParkCA,"Rohnert Park, California"
RosamondCA,"Rosamond, California"
RosevilleCA,"Roseville, California"
SacramentoCA,"Sacramento, California"
SanBernardinoCA,"San Bernardino, California"
SanBrunoCA,"San Bruno, California"
SanDiegoCA,"San Diego, California"
SanFernandoCA,"San Fernando, California"
SanFrancisco,"San Francisco, California"
SanGabrielValleyCA,"Monrovia, California"
sanjosefreecycle,"San Jose, California"
SanLeandro_CA_Freecycle,"San Leandro, California"
SanLorenzoValleyFreecycle,"Felton, California"
SanLuisObispoCA,"San Luis Obispo, California"
SanMarcosCA,"San Marcos, California"
SanMateoCoastsideCA,"San Mateo County Coastside, California"
SanMateoFreecycle,"San Mateo, California"
SanRamonCA,"San Ramon, California"
SantaBarbaraCA,"Santa Barbara, California"
SantaClaraFreecycle,"Santa Clara, California"
SantaClaritaCA,"Santa Clarita, California"
SantaCruzCountyFreecycle,"Santa Cruz, California"
SantaMariaCA,"Santa Maria, California"
SantaMonicaCA,"Santa Monica, California"
SantaRosa_CA_Freecycle,"Santa Rosa, California"
SaratogaCA,"Saratoga, California"
SebastopolFreecycle,"Sebastopol, California"
shermanoaksCA,"Sherman Oaks, California"
SimiValleyCA,"Simi Valley, California"
SiskiyouCA,"Siskiyou County, California"
SonomaCA,"Sonoma , California"
SonoraCA,"Sonora, California"
SouthBaySF,"South San Francisco, California"
SouthGateCa,"South Gate, California"
SouthLakeTahoeCA,"South Lake Tahoe, California"
SouthPasadenaCA,"South Pasadena, California"
SouthSacramentoCA,"Sacramento, California 95824"
StocktonCA,"Stockton, California"
Sunland-TujungaCA,"Sunland-Tujunga, Los Angeles
SunnyvaleCAFreecycle,"Sunnyvale, California"
Susanville_CA,"Susanville, California"
SYVFreecycle,"Santa Ynez, California"
TaftCA,"Taft, California"
Tehachapi_CA,"Tehachapi, California"
TemeculaCA,"Temecula, California"
ThousandOaksCA,"Thousand Oaks, California"
TomalesCA,"Tomales, California"
TopangaCa,"Topanga, California"
TorranceCA,"Torrance, California"
TracyCA,"Tracy, California"
TrinityCntyCA,"Trinity County, California"
Truckee-TahoeCityCa,"Truckee, California"
TulareCA,"Tulare County, California"
TurlockCA,"Turlock, California"
UnionCityCa,"Union City, California"
VacavilleCA,"Vacaville, California"
ValenciaCA,"Valencia, California"
VallejoCA,"Vallejo, California"
VenturaCA,"Ventura, California"
VisaliaCA,"Visalia, California"
VistaCa,"Vista, California"
WalnutCreekCA,"Walnut Creek, California"
WatsonvilleCA,"Watsonville, California"
WestHollywoodCA,"West Hollywood, California"
WestSacramentoCa,"West Sacramento, California"
WheatlandCA,"Wheatland, California"
WhittierCA,"Whittier, California"
WintersCA,"Winters, California"
WoodlandCA,"Woodland, California"
WoodlandHillsCa,"Woodland Hills, California"
YellvilleAR,"Yellville, Arkansas"
YrekaCA,"Yreka, California"
YubaCityCA,"Yuba City, California"
yucaipa,"Yucaipa, California"
AlamosaCO,"Alamosa, Colorado"
ArvadaCoFreecycle,"Arvada, Colorado"
AspenFreecycle,"Aspen, Colorado"
AuroraCO,"Aurora, Colorado"
BoulderCO,"Boulder, Colorado"
BrightonCOFreecycle,"Brighton, Colorado"
BroomfieldCOFreecycle,"Broomfield, Colorado"
Brush-FortMorganCO,"Fort Morgan, Colorado"
BurlingtonCO,"Burlington, Colorado"
CalhanCO,"Calhan, Colorado"
CanonCityCO,"Canon City, Colorado"
CarbondaleCO,"Carbondale, Colorado"
Castle_Rock_CO_Freecycle,"Castle Rock, Colorado"
CentennialCO,"Centennial, Colorado"
ChaffeeCountyCO,"Chaffee County, Colorado"
ClearCreekCO,"Clear Creek County, Colorado"
coloradocity,"Colorado City, Colorado"
ColoradoSpringsFreecycle,"Colorado Springs, Colorado"
CommerceCityCO,"Commerce City, Colorado"
ConejosCountyCO,"Conejos, Colorado"
DeltaCO,"Delta, Colorado"
DenverCO,"Denver, Colorado"
ElPasoCountySE_CO,"Truckton, Colorado"
EnglewoodCO,"Englewood, Colorado"
ErieCo,"Erie, Colorado"
FortCollinsCO,"Fort Collins, Colorado"
freecyclecortez,"Cortez, Colorado"
FreecycleDurango,"Durango, Colorado"
GoldenCO,"Golden, Colorado"
GrandJunctionCO,"Grand Junction, Colorado"
GreeleyCO,"Greeley, Colorado"
GunnisonCO,"Gunnison, Colorado"
HighlandsRanchCO,"Highlands Ranch, Colorado"
HotSulphurSpringsCO,"Hot Sulphur Springs, Colorado"
HuerfanoCountyCO,"Huerfano County, Colorado"
Johnstown-Milliken-CO,"Milliken, Colorado"
LaJuntaCO,"La Junta, Colorado"
LakeCityCO,"Lake City, Colorado"
LamarCo,"Lamar, Colorado"
LeadvilleCO,"Leadville, Colorado"
LincolnCountyCO,"Lincoln County, Colorado"
LittletonCO,"Littleton, Colorado"
LongmontCO,"Longmont, Colorado"
LovelandCO,"Loveland, Colorado"
MoffatCountyCO,"Moffat County, Colorado"
MonteVistaCO,"Monte Vista, Colorado"
MontroseCO,"Montrose, Colorado"
Newcastle-GlenwoodSprings-RifleCO,"Rifle, Colorado"
North_Denver_CO,"Globeville, Denver
ParkCntyCO,"Park County, Colorado"
ParkerCo,"Parker, Colorado"
PuebloCO,"Pueblo, Colorado"
SaguacheCountyCO,"Saguache County, Colorado"
SouthJeffersonCountyCO,"Evergreen, Colorado"
SteamboatCO,"Steamboat Springs, Colorado"
SterlingCO,"Sterling, Colorado"
StrasburgCO,"Strasburg, Colorado"
Summit_County_CO,"Summit County, Colorado"
Telluride_CO,"Telluride, Colorado"
Thornton_Freecycle,"Thornton, Colorado"
TrilakesCO,"Monument, Colorado"
TrinidadCO,"Trinidad, Colorado"
VailFreecycle,"Vail, Colorado"
WaldenCo,"Walden, Colorado"
Washington_County_Freecycle,"Washington County, Colorado"
WestcliffeCO,"Westcliffe, Colorado"
WestminsterCO,"Westminster, Colorado"
WheatRidge-EdgewaterCO,"Edgewater, Colorado"
WindsorCo,"Windsor, Colorado"
YuccaValleyCA,"Yucca Valley, California"
yumacountyfreecycle,"Yuma County, Colorado"
CentralOahuHI,"Central Oahu, Hawaii"
HawaiiKai,"Hawaii Kai, Hawaii"
HiloHI,"Hilo, Big Island
Honolulu,"Honolulu, Hawaii"
Kailua-KonaHI,"Kona, Hawaii"
KauaiFreecycle,"Kauai, Hawaii"
MauiHI,"Maui, Hawaii"
AdaCountyFreecycle,"Boise, Idaho"
ArcoID,"Arco, Idaho"
BinghamCountyID,"Bingham County, Idaho"
BonnersFerryID,"Bonners Ferry, Idaho"
BurleyRupertID,"Burley, Idaho"
Caldwell_ID,"Caldwell, Idaho"
CoeurdAleneID,"Coeur d'Alene, Idaho"
FremontCountyID,"Fremont County, Idaho"
GardenValleyID,"Garden Valley, Idaho"
HaileyID,"Hailey, Idaho"
IdahoFallsID,"Idaho Falls, Idaho"
JeffersonCountyID,"Jefferson County, Idaho"
lemhicountyfreecycle,"Lemhi County, Idaho"
LewisCountyID,"Lewis County, Idaho"
Lewiston-ClarkstonFreecycle,"Lewiston, Idaho"
MoscowIDFreecycle,"Moscow, Idaho"
MountainHomeID,"Mountain Home, Idaho"
NampaID,"Nampa, Idaho"
OrofinoID,"Orofino, Idaho"
OwyheeCountyID,"Owyhee County, Idaho"
PocatelloID,"Pocatello, Idaho"
SandpointID,"Sandpoint, Idaho"
ShoshoneCountyID,"Shoshone County, Idaho"
StMariesID,"St Maries, Idaho"
Teton_County_ID_Freecycle,"Teton County, Idaho"
WaianaeHi,"Waianae, Hawaii"
AddisonIL,"Addison, Illinois"
algonquin_il_freecycle,"Algonquin, Illinois"
Alton_Freecycle,"Alton, Illinois"
AntiochIL,"Antioch, Illinois"
ArlingtonHtsILFreecycle,"Arlington Heights, Illinois"
AuroraILFreecycle,"Aurora, Illinois"
BarringtonIL,"Barrington, Illinois"
BartlettIL,"Bartlett, Illinois"
BataviaILFreecycle,"Batavia, Illinois"
BellevilleIL,"Belleville, Illinois"
BensenvilleILFreecycle,"Bensenville, Illinois"
berwyn_freecycle,"Berwyn, Illinois"
BethaltoIL,"Bethalto, Illinois"
Bloomingdale-Freecycle,"Bloomingdale, Illinois"
BolingbrookIL,"Bolingbrook, Illinois"
BondCountyIL,"Bond County, Illinois"
BooneCountyIL,"Boone County, Illinois"
BourbonnaisFreecycle,"Bourbonnais, Illinois"
BradleyIL,"Bradley, Illinois"
Braidwood_Wilmington_IL,"Braidwood, Illinois"
BrookfieldIL,"Brookfield, Illinois"
BuffaloGroveIL,"Buffalo Grove, Illinois"
BureauCountyIL,"Bureau County, Illinois"
Cahokia_IL,"Cahokia, Illinois"
CalumetCityIL,"Calumet City, Illinois"
CarbondaleIL,"Carbondale, Illinois"
Carol_Stream_Freecycle,"Carol Stream, Illinois"
CarpentersvilleIL,"Carpentersville, Illinois"
Cary_IL,"Cary, Illinois"
Caseyville_IL,"Caseyville, Illinois"
CassCountyIL,"Cass County, Illinois"
ChampaignUrbanaIL,"Champaign-Urbana, Illinois"
ChannahonIL,"Channahon, Illinois"
Charleston,"Charleston, Illinois"
chicagofreecycle,"Chicago, Illinois"
ChicagoHeightsIL,"Chicago Heights, Illinois"
ChicagoRidgeIL,"Chicago Ridge, Illinois"
ChillcotheDunlapIL,"Dunlap, Illinois"
ChristianCountyIL,"Christian County, Illinois"
CiceroILFreecycle,"Cicero, Illinois"
ClintonCntyIL,"Clinton County, Illinois"
collinsville_freecycle,"Collinsville, Illinois"
CrawfordCountyIL,"Crawford County, Illinois"
CreteIL,"Crete, Illinois"
CrystalLakeIL,"Crystal Lake, Illinois"
CumberlandCountyIL,"Cumberland County, Illinois"
Danville_IL,"Danville, Illinois"
darien_freecycle,"Darien, Illinois"
DecaturILFreecycle,"Decatur, Illinois"
DeerfieldIL,"Deerfield, Illinois"
DeKalbILFreecycle,"DeKalb, Illinois"
desplainesilfreecycle,"Des Plaines, Illinois"
DeWittCountyIL,"Clinton, Illinois"
doltonfreecycle,"Dolton, Illinois"
DouglasCountyIL,"Douglas County, Illinois"
DownersGroveWoodridgeIL,"Downers Grove, Illinois"
DundeeIL,"Dundee, Illinois"
EastPeoriaIL,"East Peoria, Illinois"
EastStLouisIL,"East St. Louis, Illinois"
EdgarCountyIL,"Edgar County, Illinois"
EdwardsCountyIL,"Edwards County, Illinois"
EffinghamCountyIL,"Effingham County, Illinois"
ElginIL,"Elgin, Illinois"
ElkGroveVillageIL,"Elk Grove Village, Illinois"
ElmhurstIL,"Elmhurst, Illinois"
epfreecycle,"Elmwood Park, Illinois"
EvergreenParkIL,"Evergreen Park, Illinois"
Fayette_County_IL,"Fayette County, Illinois"
ForrestonIL,"Forreston, Illinois"
FranklinCoIL,"Franklin County, Illinois"
freecycle-edwardsville,"Edwardsville, Illinois"
FreecycleEvanston,"Evanston, Illinois"
freecyclenorthchicagoandgreatlakes,"North Chicago, Illinois"
FreecycleParkRidgeIL,"Park Ridge, Illinois"
Freecycle-WaukeganIL,"Waukegan, Illinois"
FreeportIL,"Freeport, Illinois"
GalesburgIL,"Galesburg, Illinois"
GallatinCountyIL,"Gallatin County, Illinois"
GenevaILFreecycle,"Geneva, Illinois"
GenoaIL,"Genoa, Illinois"
GilbertsHampshireIL,"Gilberts, Illinois"
GlendaleHeightsIL,"Glendale Heights, Illinois"
glenellyn_freecycle,"Glen Ellyn, Illinois"
GraniteCityIL,"Granite City, Illinois"
GurneeIL,"Gurnee, Illinois"
HamiltonCountyIL,"Hamilton County, Illinois"
HancockCountyIL,"Hancock County, Illinois"
HanoverParkFreecycle,"Hanover Park, Illinois"
HardinCountyIL,"Hardin County, Illinois"
HarvardIL,"Harvard, Illinois"
HendersonCountyIL,"Henderson County, Illinois"
highland_freecycle,"Highland, Illinois"
HighlandParkIL,"Highland Park, Illinois"
Hinsdale_Freecycle,"Hinsdale, Illinois"
HomerGlenIL,"Homer Glen, Illinois"
HomewoodIL,"Homewood, Illinois"
HoopestonIL,"Hoopeston, Illinois"
Huntley_IL,"Huntley, Illinois"
IroquoisCountyIL,"Watseka, Illinois"
IslandLakeIL,"Island Lake, Illinois"
JacksonvilleIL,"Jacksonville, Illinois"
jasperco_freecycle,"Jasper County, Illinois"
JerseyCntyIL,"Jersey County, Illinois"
JohnsonCountyIL,"Johnson County, Illinois"
JolietILfreecycle,"Joliet, Illinois"
KankakeeIL,"Kankakee, Illinois"
KendallCntyIL,"Kendall County, Illinois"
KewaneeILFreecycle,"Kewanee, Illinois"
LaGrangeIL,"LaGrange, Illinois"
Lake_in_the_Hills_IL,"Lake in the Hills, Illinois"
LakeBluffIL,"Lake Bluff, Illinois"
LakeZurichIL,"Lake Zurich, Illinois"
LaSalleIL,"LaSalle, Illinois"
LawrenceCountyIL,"Lawrence County, Illinois"
LeeCountyIL,"Lee County, Illinois"
Lemont_Freecycle,"Lemont, Illinois"
Libertyville_IL,"Libertyville, Illinois"
LisleILFreecycle,"Lisle, Illinois"
Litchfield_IL,"Litchfield, Illinois"
LivingstonCountyIL,"Livingston County, Illinois"
LockportIL,"Lockport, Illinois"
LoganCntyIL,"Lincoln, Illinois"
LombardIL,"Lombard, Illinois"
MacoupinCountyIL,"Macoupin County, Illinois"
MarengoIL,"Marengo, Illinois"
MarshallCntyIL,"Lacon, Illinois"
MasonCountyIL,"Mason County, Illinois"
MattesonRichtonParkIL,"Richton Park, Illinois"
MattoonIL,"Mattoon, Illinois"
McDonoughCntyIL,"McDonough County, Illinois"
McFreecycle,"McLean County, Illinois"
McHenryFreecycle,"McHenry, Illinois"
MenardCountyIL,"Menard County, Illinois"
MendotaIL,"Mendota, Illinois"
mercercofreecycle,"Aledo, Illinois"
MinookaIL,"Minooka, Illinois"
MokenaIL,"Mokena, Illinois"
MolineIL,"Moline , Illinois"
Monee_Peotone_IL,"Monee, Illinois"
MonroeCountyIL,"Monroe County, Illinois"
MontgomeryIL,"Montgomery, Illinois"
MorrisFreecycle,"Morris, Illinois"
MortonIL,"Morton, Illinois"
MountVernonIL,"Mount Vernon, Illinois"
MtCarroll_IL,"Mt. Carroll , Illinois"
MtGreenwoodIL,"Mt. Greenwood, Illinois"
MundeleinIL,"Mundelein, Illinois"
napervilleilfreecycle,"Naperville, Illinois"
NewLenoxIL,"New Lenox, Illinois"
NilesIL,"Niles, Illinois"
Northbrook_IL,"Northbrook, Illinois"
OakForestIL,"Oak Forest, Illinois"
OakLawnFreecycle,"Oak Lawn, Illinois"
OakParkILFreecycle,"Oak Park, Illinois"
OFallonILFreecycle,"O Fallon, Illinois"
OregonIL,"Oregon, Illinois"
OttawaIL,"Ottawa, Illinois"
Palatine-MtProspectIL,"Palatine, Illinois"
PalosHillsILFreecycle,"Palos Hills, Illinois"
PekinIL,"Pekin, Illinois"
PeoriaFreecycle,"Peoria, Illinois"
PerryCountyIL,"Perry County, Illinois"
PiattCountyIL,"Piatt County, Illinois"
PittsfieldIL,"Pittsfield, Illinois"
PlainfieldIL,"Plainfield, Illinois"
PulaskiCoIL,"Pulaski County, Illinois"
QuincyIL,"Quincy, Illinois"
RandolphCountyIL,"Randolph County, Illinois"
RichlandCountyIL,"Richland County, Illinois"
RiversideIL,"Riverside, Illinois"
rochelleilfreecycle,"Rochelle, Illinois"
rockford_area_freecycle,"Rockford, Illinois"
RollingMeadowsIL,"Rolling Meadows, Illinois"
RomeovilleIL,"Romeoville, Illinois"
RoundLakeIL,"Round Lake, Illinois"
SalemIL,"Salem, Illinois"
SalineCountyFreecycle,"Saline County, Illinois"
Sandwich_Freecycle,"Sandwich, Illinois"
SaukVillageIL,"Sauk Village, Illinois"
SchaumburgIL,"Schaumburg, Illinois"
SchuylerCountyIL,"Schuyler County, Illinois"
ShelbyCntyIL,"Shelbyville, Illinois"
ShorewoodILFreecycle,"Shorewood, Illinois"
SpringfieldIL,"Springfield, Illinois"
StarkCoIL,"Stark County, Illinois"
StCharlesIL,"St. Charles, Illinois"
Streamwood_Freecycle,"Streamwood, Illinois"
streatorfreecycle,"Streator, Illinois"
SullivanIL,"Sullivan, Illinois"
sycamore,"Sycamore Illinois, Illinois"
TinleyOrlandParksIL,"Tinley Park, Illinois"
TroyIL,"Troy, Illinois"
TwinfallsID,"Twin Falls, Idaho"
UnionCountyIL,"Union County, Illinois"
villa_park_freecycle,"Villa Park, Illinois"
WabashCountyIL,"Wabash County, Illinois"
WarrenCountyIL,"Warren County, Illinois"
WarrenvilleILFreecycle,"Warrenville, Illinois"
WashingtonIL,"Washington, Illinois"
Wauconda_IL,"Wauconda, Illinois"
WayneCounty_IL,"Wayne County, Illinois"
west_chicago_freecycle,"West Chicago, Illinois"
WestchesterIL,"Westchester_Il, Illinois"
WesternSpringsIL,"Western Springs, Illinois"
Westmont_Freecycle,"Westmont, Illinois"
WheatonILFreecycle,"Wheaton, Illinois"
WhiteCountyIL,"White County, Illinois"
WhitesideCntyIL,"Whiteside County, Illinois"
WilliamsonCounty-Freecycle,"Williamson County, Illinois"
WilmetteFreeCycle,"Wilmette, Illinois"
WoodDale_Freecycle,"Wood Dale, Illinois"
WoodfordCntyIL,"Woodford County, Illinois"
WoodRiverIL,"Wood River, Illinois"
WoodstockIL,"Woodstock, Illinois"
WordenIL,"Worden, Illinois"
AdamsCountyIA,"Adams County, Iowa"
AnkenyIA,"Ankeny, Iowa"
ArmstrongIA,"Armstrong, Iowa"
BooneIAFreecycle,"Boone County, Iowa"
BremerCountyIA,"Bremer County, Iowa"
BuchananCountyIA,"Buchanan County, Iowa"
BurlingtonIA,"Burlington, Iowa"
ButlerCounty_IA,"Butler County, Iowa"
CarrollCountyIA,"Carroll County, Iowa"
CassCountyIA,"Cass County, Iowa"
CedarRapidsFreecycle,"Cedar Rapids, Iowa"
CharitonIA,"Chariton, Iowa"
CharlesCityIA,"Charles City, Iowa"
ClintonCountyIA,"Clinton County, Iowa"
CorydonIA,"Corydon, Iowa"
CouncilBluffsIA,"Council Bluffs, Iowa"
CrawfordCountyIA,"Crawford County, Iowa"
CrestonIA,"Creston , Iowa"
dallascountyIAfreecycle,"Dallas County, Iowa"
DavenportIA,"Davenport, Iowa"
DecaturCountyIA,"Decatur County, Iowa"
DecorahIAFreecycle,"Decorah, Iowa"
DelawareCountyIA,"Delaware County, Iowa"
Desmoinesfreecycle,"Des Moines, Iowa"
DubuqueIA,"Dubuque, Iowa"
Dyersvillefreecycle,"Dyersville, Iowa"
FairfieldIA,"Fairfield, Iowa"
fayettecountyiafreecycle,"Fayette County, Iowa"
FortMadisonIA,"Fort Madison, Iowa"
FranklinCoIA,"Franklin County, Iowa"
freecyclejaspercounty,"Jasper County, Iowa"
GreeneCountyIA,"Greene County, Iowa"
GuthrieCountyIA,"Guthrie County, Iowa"
HardinCounty_IAFreecycle,"Hardin County, Iowa"
HarlanIAFreecycle,"Harlan, Iowa"
HarrisonCountyIA,"Harrison County, Iowa"
HenryCountyIA-Freecycle,"Henry County, Iowa"
HumboldtCountyIA,"Humboldt, Iowa"
iowacity,"Iowa City, Iowa"
IowaCountyIAFreecycle,"Iowa County, Iowa"
JonesCountyIA,"Jones County, Iowa"
KossuthCountyIA,"Kossuth County, Iowa"
LeMarsIA,"Le Mars, Iowa"
LyonCountyIA,"Lyon County, Iowa"
marioncountyIAfreecycle,"Marion County, Iowa"
MarshalltownIA,"Marshalltown, Iowa"
MasonCityFreecycle,"Mason City, Iowa"
MillsCountyIA,"Mills County, Iowa"
MononaCountyIA,"Onawa, Iowa"
monroeiowafreecycle,"Albia, Iowa"
MuscatineIA,"Muscatine, Iowa"
Nashua-NewHamptonIA,"New Hampton, Iowa"
ObrienCountyIA,"O'Brien County, Iowa"
OskaloosaIA,"Oskaloosa, Iowa"
OttumwaIA,"Ottumwa, Iowa"
PageIA,"Shenandoah , Iowa"
PoweshiekCoIA,"Poweshiek County, Iowa"
SacCountyIA,"Sac County, Iowa"
SiouxCityIA,"Sioux City, Iowa"
SiouxCountyIA,"Sioux County, Iowa"
SpencerIA,"Spencer, Iowa 
StoryCountyIA,"StoryCountyIA, Iowa"
tamacoIAfreecycle,"Tama County, Iowa"
VintonIA,"VintonIA, Iowa"
WarrenCountyIAFreecycle,"Warren County, Iowa"
Waterloo_IA,"Waterloo, Iowa"
WebsterCityIA,"Webster City, Iowa"
WebsterCountyIA,"Webster County, Iowa"
WintersetIA,"Winterset, Iowa"
WorthCountyIA,"Worth County,
AbileneKS,"Abilene, Kansas"
ArkansasCityKS,"Arkansas City, Kansas"
AtchisonKS,"Atchison, Kansas"
BaxterSpringsKS,"Baxtersprings, Kansas"
BeloitKS,"Beloit, Kansas"
BrownCountyKS,"Brown County, Kansas"
ClayCenterKS,"Clay Center, Kansas"
CoffeyCountyKS,"Coffey County, Kansas"
ColbyKS,"Colby, Kansas"
DecaturCountyKS,"Decatur County, Kansas"
DodgeCityKSFreecycle,"Dodge City, Kansas"
ElDoradoKS,"El Dorado, Kansas"
EllsworthCountyKS,"Ellsworth County, Kansas"
EmporiaKS,"Emporia, Kansas"
ErieKS,"Neosho County, Kansas"
FortScottKS,"Fort Scott, Kansas"
FreecycleCrawfordCoKs,"Crawford County, Kansas"
freecyclemontgomerycountyks,"Montgomery County, Kansas"
GardenCityKS,"Garden City, Kansas"
Gardner-OlatheKSFreecycle,"Olathe, Kansas"
GarnettKSFreecycle,"Garnett, Kansas"
GreatBendKS,"Great Bend, Kansas"
HalsteadKS,"Halstead, Kansas"
hays_freecycle_ks,"Hays, Kansas"
HoltonKS,"Holton, Kansas"
HutchinsonKS,"Hutchinson, Kansas"
IolaKS,"Iola, Kansas"
JunctionCityKS,"Junction City, Kansas"
KingmanKS,"Kingman, Kansas"
LabetteKSFreecycle,"Labette, Kansas"
lawrencefreecycle,"Lawrence, Kansas"
LeavenworthKS,"Leavenworth, Kansas"
LiberalKS,"Liberal, Kansas"
Lyons_SterlingKS,"Lyons, Kansas"
ManhattanKS,"Manhattan, Kansas"
MarionKS,"Marion, Kansas"
McPhersonLindsborgKS,"Lindsborg, Kansas"
MorrisCoKS,"Morris County, Kansas"
MoundCityKS,"Mound City, Kansas"
MulvaneKs,"Mulvane, Kansas"
NessCityKS,"Ness City, Kansas"
NewtonKS,"Newton, Kansas"
OsageCountyKS,"Osage County, Kansas"
OttawaKS,"Ottawa, Kansas"
PaolaKS,"Paola, Kansas"
PrattCountyKSFreecycle,"Pratt County, Kansas"
SalinaKS,"Salina, Kansas"
ShawneeFreecycle,"Shawnee, Kansas"
TopekaKS,"Topeka, Kansas"
ValleyFallsKS,"Valley Falls, Kansas"
WamegoKS,"Wamego, Kansas"
WashingtonKS,"Washington, Kansas"
WellingtonKS,"Wellington, Kansas"
WichitaKS,"Wichita, Kansas"
WinfieldKS,"Winfield, Kansas"
WrightCounty,"Wright County, Iowa"
YatesCenterKS,"Yates Center, Kansas"
Abbeville,"Maurice, Louisiana"
AllenParishLA,"Allen Parish, Louisiana"
BatonRougeLA,"Baton Rouge, Louisiana"
BentonLA,"Benton, Louisiana"
BurasLA,"Buras, Louisiana"
CaldwellParishLA,"Caldwell Parish, Louisiana"
ChalmetteFreecycle,"Chalmette, Louisiana"
CovingtonLA,"Covington, Louisiana"
DelhiLA,"Delhi, Louisiana"
DenhamSpringsLA,"Denham Springs, Louisiana"
DeRidderLA,"DeRidder, Louisiana"
EuniceLA,"Eunice, Louisiana"
FortPolkLeesvilleLA,"Fort Polk, Louisiana"
FranklinParishLA,"Franklin Parish, Louisiana"
freecyclealexandria-Pineville,"Pineville, Louisiana"
FrenchSettlementLA,"French Settlement, Louisiana"
GonzalesLA,"Gonzales, Louisiana"
HammondLA,"Hammond, Louisiana"
HaynesvilleLA,"Haynesville La, Louisiana"
HoumaLA,"Houma, Louisiana"
jeffersonparishfreecycle,"Jefferson Parish, Louisiana"
KeithvilleLA,"Keithville, Louisiana"
KrotzSpringsLA,"Krotz Springs, Louisiana"
Lafayettefreecycle,"LaFayette, Louisiana"
LakeCharlesLA,"Lake Charles, Louisiana"
LaPlaceLA,"LaPlace, Louisiana"
mandevillefreecycle,"Mandeville, Louisiana"
MarksvilleHessmerLA,"Marksville Hessmer, Louisiana"
MindenLA,"Minden, Louisiana"
MonroeLA,"Monroe, Louisiana"
MorehouseParishLA,"Morehouse Parish, Louisiana"
StMaryParishLA,"Morgan City, Louisiana"
NatchitochesLA,"Natchitoches, Louisiana"
NewIberiaLA,"New Iberia, Louisiana"
NewOrleansLA,"New Orleans, Louisiana"
Oak_Grove_freecycle,"Oak Grove, Louisiana"
red_river_parish_freecycle,"Red River Parish, Louisiana"
RedChuteLA,"Red Chute, Louisiana"
RustonLA,"Ruston, Louisiana"
SabineLA,"Sabine Parish, Louisiana"
Scott-CarencroLA,"Carencro, Louisiana"
ShreveportLA,"Shreveport, Louisiana"
Slidell_LA,"Slidell, Louisiana"
StCharlesParishLA,"St Charles Parish, Louisiana"
StHelenaLA,"St Helena Parish, Louisiana"
ThibodauxLA,"Thibodaux, Louisiana"
UnionParishLA,"Union Parish, Louisiana"
Winn_Parish_Freecycle,"Winn Parish, Louisiana"
AdaMN,"Ada, Minnesota"
AitkinMN,"Aitkin, Minnesota"
AlbertLeaMN,"Albert Lea, Minnesota"
AlexandriaMN,"Alexandria , Minnesota"
AnokaCoMN,"Anoka County, Minnesota"
AustinMN,"Austin, Minnesota"
BagleyMN,"Bagley, Minnesota"
baudettefreecycle,"Lake of the Woods County, Minnesota"
Bemidji_Beltrami_CountyMN,"Bemidji , Minnesota"
BigStoneCountyMN,"Big Stone County, Minnesota"
browncountyFreecycle,"Brown County, Minnesota"
BuffaloMN,"Buffalo, Minnesota"
ByronMN,"Byron, Minnesota"
CambridgeMN,"Cambridge, Minnesota"
CarverCntyMN,"Carver County, Minnesota"
Cass-CrowWingMN,"Cass, Minnesota"
ChippewaCountyMN,"Chippewa County, Minnesota"
ChisagoCountyMN,"Chisago County, Minnesota"
CloquetMN,"Cloquet, Minnesota"
CrookstonMN,"Crookston, Minnesota"
DetroitLakesMN,"Detroit Lakes, Minnesota"
DuluthMN,"Duluth, Minnesota"
EaganMN,"Eagan, Minnesota"
EastGrandForksMN,"East Grand Forks, Minnesota"
ElyMN,"Ely, Minnesota"
FairmontMN,"Fairmount, Minnesota"
FergusFallsMN,"Fergus Falls, Minnesota"
ForestLakeMNFreecycle,"Forest Lake, Minnesota"
freecycleMpls,"Minneapolis , Minnesota"
FreecycleStPaulMN,"St. Paul , Minnesota"
GaylordMN,"Gaylord, Minnesota"
GrandRapidsMN,"Grand Rapids , Minnesota"
HastingsMN,"Hastings, Minnesota"
HibbingMN,"Hibbing, Minnesota"
InternationalFallsMN,"International Falls, Minnesota"
ItascaCountyNorthern,"Grand Rapids, MN"
LacquiParleCountyMN,"Lac qui Parle County, Minnesota"
LaCrescentMN,"La Crescent, Minnesota"
LeSueurMN,"Le Sueur County, Minnesota"
Litchfield_Meeker_County_MN,"Meeker County, Minnesota"
LongPrairieMN,"Long Prairie, Minnesota"
Mahnomen_County_Freecycle,"Mahnomen, Minnesota"
MankatoMN,"Mankato , Minnesota"
MantorvilleMN,"Mantorville, Minnesota"
MarshallMN,"Marshall, Minnesota"
McLeodCntyMN,"McLeod County, Minnesota"
MilleLacsCoMN,"Mille Lacs County, Minnesota"
MoorheadMN,"Moorhead, Minnesota"
MoraMN,"Mora, Minnesota"
MorrisonCountyMN,"Morrison County, Minnesota"
NorthfieldMN,"Northfield, Minnesota"
OrrMN,"Orr, Minnesota"
OwatonnaMN,"Owatonna, Minnesota"
ParkRapidsMN,"Park Rapids, Minnesota"
PineCityMN,"Pine City, Minnesota"
PipestoneMN,"Pipestone, Minnesota"
PopeCountyMN,"Pope County, Minnesota"
RedLakeFallsMN,"Red Lake Falls, Minnesota"
redwoodcounty,"Redwood County, Minnesota"
renvillecounty,"Renville County, Minnesota"
RochesterMN,"Rochester, Minnesota"
ShakopeeMN,"Shakopee, Minnesota"
SherburneCntyMN,"Sherburne County, Minnesota"
SilverBayMN,"Silver Bay, Minnesota"
SpringValleyMN,"Spring Valley, Minnesota"
StCloud_MN,"St Cloud , Minnesota"
StevensGrant,"Stevens, Minnesota"
ThiefRiverFallsMN,"Thief River Falls, Minnesota"
VirginiaMN,"Virginia, Minnesota"
WabashaCountyMN,"Wabasha County, Minnesota"
WanamingoMN,"Wanamingo, Minnesota"
WasecaMN,"Waseca, Minnesota"
WheatonMN,"Wheaton, Minnesota"
WillmarMN,"Willmar, Minnesota"
WindomMN_Freecycle,"Windom , Minnesota"
WinonaMN,"Winona, Minnesota"
WoodburyMN,"Woodbury, Minnesota"
WorthingtonMN,"Worthington, Minnesota"
Ava-MansfieldMO,"Ava, Missouri"
BethanyMO,"Bethany, Missouri"
BlueSpringsMO,"Blue Springs, Missouri"
Bolivar-MissouriFreecycleNetwork,"Bolivar, Polk County
BonneTerreMoFreecycle,"Bonne Terre, Missouri"
bransonfreecycle,"Branson, Missouri"
BrookfieldMO,"Brookfield, Missouri"
Buffalo_Freecycle,"Buffalo, Missouri"
CaliforniaMO,"California, Missouri"
CamdentonMO,"Camdenton, Missouri"
Cameron,"Cameron, Missouri"
CantonMO,"Canton, Missouri"
CapeGirardeauMO,"Cape Girardeau, Missouri"
CarrollCountyMO,"Carroll County, Missouri"
CassCntyMO,"Cass County, Missouri"
ChesterfieldMO,"Chesterfield, Missouri"
ChillicotheMO,"Chillicothe, Missouri"
ClintonCountyMO,"Clinton County, Missouri"
ClintonMO,"Clinton, Missouri"
ColumbiaMO,"Columbia, Missouri"
CubaMO,"Cuba, Missouri"
DaviessCoMO,"Daviess County, Missouri"
DeKalbMO,"Dekalb County, Missouri"
DentCoMO,"Dent County, Missouri"
DexterMO,"Dexter, Missouri"
ExcelsiorSprMO,"Excelsior Springs, Missouri"
FestusMO,"Festus, Missouri"
FlorissantMO,"Florissant, Missouri"
ForsythMO,"Forsyth, Missouri"
Freecycle_MO_MonroeCounty,"Monroe County, Missouri"
Freecyclefarmington,"Farmington, Missouri"
Freecycle-JeffCityMO,"Jefferson City, Missouri"
Freecycle-RollaMO,"Rolla, Missouri"
FultonMO,"Fulton, Missouri"
GainesvilleMO,"Gainesville, Missouri"
GrainValleyOakGrMO,"Grain Valley, Missouri"
HannibalMO,"Hannibal, Missouri"
HazelwoodMO,"Hazelwood, Missouri"
HoldenMO,"Holden, Missouri"
HouseSpringsMO,"House Springs, Missouri"
HoustonMO,"Houston, Missouri"
HowellCountyMO-Freecycle,"West Plains, Missouri"
IndependenceMO,"Independence, Missouri"
JoplinMO,"Joplin, Missouri"
kcfreecycle,"Kansas City, Missouri"
KirksvilleMO,"Kirksville, Missouri"
KnoxCountyMO,"Knox County, Missouri"
LakeOzarkMO,"Lake Ozark, Missouri"
LamarMO,"Lamar, Missouri"
LebanonMO,"Lebanon, Missouri"
LeesSummitMO,"Lee's Summit, Missouri"
LibertyMO,"Liberty, Missouri"
lincoln-county-freecycle,"Lincoln County, Missouri"
LockwoodMO,"Lockwood, Missouri"
MarshfieldMO,"Marshfield, Missouri"
MemphisMO,"Memphis, Missouri"
MexicoMO,"Mexico, Missouri"
MillerMO,"Miller, Missouri"
MoberlyMO,"Moberly, Missouri"
MonettMO,"Monett, Missouri"
MontgomeryCityMO,"Montgomery City, Missouri"
MontroseMO,"Montrose, Missouri"
MorganCntyMO,"Morgan County, Missouri"
MountainGroveMO,"Mountain Grove, Missouri"
NeoshoMO,"Neosho, Missouri"
NevadaEldoSpringsMO,"Nevada, Missouri"
NewMadridMO,"New Madrid County, Missouri"
NorthlandMO,"Kansas City, MO 64118"
NorwoodMO,"Norwood, Missouri"
OdessaMO,"Odessa, Missouri"
OFallonMOFreecycle,"O Fallon, Missouri"
OzarkMO,"Ozark, Missouri"
PemiscotCountyMO,"Pemiscot County Missouri, Missouri"
PerryvilleMO,"Perryville, Missouri"
PikeCountyMO,"Pike County, Missouri"
PleasantHopeMO,"Pleasant Hope, Missouri"
PoplarBluffMO,"Poplar Bluff, Missouri"
RaytownMOFreecycle,"Raytown, Missouri"
RichlandMO,"Richland, Missouri"
SalineCo,"Saline County, Missouri"
SedaliaMO,"Sedalia, Missouri"
SpringfieldMO,"Springfield, Missouri"
StCharlesMO,"St. Charles, Missouri"
StClairMO,"St Clair, Missouri"
SteGenevieveMO,"Ste. Genevieve, Missouri"
StJoeMO,"St. Joseph, Missouri"
StLouis,63108,63108
StPetersMOFreecycle,"St Peters, Missouri"
UnionFranklinCounty,"Union Franklin County, Missouri"
Vandalia_MO,"Vandalia, Missouri"
WarrenCoMO,"Warren County, Missouri"
warrensburg_freecycle,"Warrensburg, Missouri"
WaynesvilleMO,"Waynesville, Missouri"
WentzvilleMO,"Wentzville, Missouri"
willardfreecycle,"Willard, Missouri"
RavalliCountyMT,"Hamilton, Montana"
BozemanMT,"Bozeman, Montana"
ButteMT,"Butte, Montana"
ChouteauCountyMT,"Chouteau County, Montana"
DillonMT,"Dillon, Montana"
FlatheadCountyMT,"Whitefish, Montana"
CascadeCountyMT,"Great Falls, Montana"
FreecycleBillings,"Billings, Montana"
HelenaMT,"Helena, Montana"
LewistownMT,"Lewistown, Montana"
LibbyMT,"Libby, Montana"
Missoula-Freecycle,"Missoula, Montana"
PhillipsCountyMT,"Phillips County, Montana"
PolsonMT,"Polson, Montana"
SandersCountyMT,"Sanders County, Montana"
SeeleySwanFreecycle,"Seeley Lake, Montana"
RichlandCountyMT,"Sidney, Montana"
StRegisMT,"Saint Regis, Montana"
tetoncountyfreecycle,"Teton County, Montana"
Aurora,"Aurora, Nebraska"
BeatriceNE,"Beatrice, Nebraska"
BellevueNE,"Bellevue, Nebraska"
BlairNE,"Blair, Nebraska"
BurtCountyNE,"Burt County, Nebraska"
CreteNEFreecycle,"Crete, Nebraska"
DawesCountyNE,"Dawes County, Nebraska"
FairBuryNebraskaFreecycle,"Fairbury, Nebraska"
FallsCityNE,"Falls City, Nebraska"
FillmoreCoNE,"Fillmore County, Nebraska"
FremontNE,"Fremont, Nebraska"
GarfieldCountyNE,"Garfield County, Nebraska"
GrandIslandlNE,"Grand Island, Nebraska"
HastingsNE,"Hastings, Nebraska"
HemingfordAllianceNE,"Alliance, Nebraska"
HoltCountyNE,"Holt County, Nebraska"
KearneyNE,"Kearney, Nebraska"
LexingtonNE,"Lexington, Nebraska"
LincolnNEFreecycle,"Lincoln, Nebraska"
Merrick_County_NE,"Merrick County, Nebraska"
MurrayNE,"Murray, Nebraska"
NorfolkNE,"Norfolk, Nebraska"
NorthPlatteNE,"North Platte, Nebraska"
OmahaNE,"Omaha, Nebraska"
OtoeCountyNE,"Nebraska City, Nebraska"
PhelpsCountyNE,"Phelps County, Nebraska"
PlattsmouthNE,"Plattsmouth, Nebraska"
PragueNE_Freecycle,"Prague, Nebraska"
ScottsbluffNE,"Scottsbluff, Nebraska"
SewardCountyWV,"Seward County, Nebraska"
SidneyNE,"Sidney, Nebraska"
WestPointNE,"West Point, Nebraska"
WahooNE,"Wahoo, Nebraska"
valleycountyfreecycle,"Valley County, Montana"
CarsonCityNV,"Carson City, Nevada"
ElkoNV,"Elko, Nevada"
FallonNV,"Fallon, Nevada"
HendersonNV,"Henderson, Nevada"
LasVegasNV,"Las Vegas, Nevada"
LyonCountyNV,"Lyon County, Nevada"
MoapaValleyMesquiteNV,"Mesquite, Nevada"
NorthLasVegasNV,"North Las Vegas, Nevada"
PahrumpNV,"Pahrump, Nevada"
RenoNV,"Reno, Nevada"
WhitePineNV,"White Pine County , Nevada"
WinnemuccaNV,"Winnemucca, Nevada"
AlamogordoNM,"Alamogordo, New Mexico"
AlbuquerqueNM,"Albuquerque, New Mexico"
CarlsbadNM,"Carlsbad, New Mexico"
CarrizozoNM,"Carrizozo, New Mexico"
ChaparralNM,"Sunland Park, New Mexico"
clovis_portales_cannon_freecycle,"Clovis, New Mexico"
ColfaxCountyNM,"Colfax County , New Mexico"
DemingNM,"Deming, New Mexico"
ElephantButteFreecycle,"Elephant Butte, New Mexico"
em_freecycle,"Sandia Park, NM"
Farmington_NM,"Farmington, New Mexico"
freecycle-los-alamos,"Los Alamos, New Mexico"
GrantsNM,"Grants, New Mexico"
HobbsFreecycle,"Hobbs, New Mexico"
JemezSpringsNM,"Jemez Springs, New Mexico"
LasCruces,"Las Cruces, New Mexico"
LosLunasNM,"Los Lunas, New Mexico"
QuemadoNM,"Quemado, New Mexico"
RioRanchoNM,"Rio Rancho, New Mexico"
RoswellNM,"Roswell, New Mexico"
SanMiguelCoNM,"San Miguel County, New Mexico"
SantaFeNM,"Santa Fe, New Mexico"
SilverCityNM,"Silver City, New Mexico"
SocorroNM,"Socorro, New Mexico"
TaosNM,"Taos, New Mexico"
TruthOrConsequencesNM,"Truth or Consequences, New Mexico"
BarnesCoND,"Barnes County, North Dakota"
Bismarck-MandanND,"Mandan, North Dakota"
BottineauND,"Bottineau, North Dakota"
CarringtonND,"Carrington, North Dakota"
CavalierCountyND,"Cavalier County, North Dakota"
DickinsonND,"Dickinson, North Dakota"
Freecycle_Fargo,"Fargo, North Dakota"
GarrisonND,"Garrison, North Dakota"
grandforksfreecycle,"Grand Forks, North Dakota"
JamestownND,"Jamestown, North Dakota"
MinotND,"Minot, North Dakota"
RoletteCountyND,"Rolette County, North Dakota"
WellsCoND,"Wells County, North Dakota"
WestFargoND,"West Fargo, North Dakota"
Williston_ND,"Williston, North Dakota"
adafreecycle,"Ada Area, Oklahoma"
AdairOK,"Adair, Oklahoma"
AlvaOK,"Alva, Oklahoma"
Anadarko_OK,"Anadarko, Oklahoma"
ArdmoreOK,"Ardmore, Oklahoma"
BartlesvilleOK,"Bartlesville, Oklahoma"
Bethany_WarrAcresOK,"Bethany, Oklahoma"
BlackwellOK,"Blackwell, Oklahoma"
BristowOK,"Bristow, Oklahoma"
ChandlerOK,"Chandler, Oklahoma"
ChickashaOK,"Chickasha, Oklahoma"
ChoctawCountyOK,"Choctaw County, Oklahoma"
ClaremoreOK,"Claremore, Oklahoma"
ClevelandOK,"Cleveland, Oklahoma"
ClintonOK,"Clinton, Oklahoma"
CollinsvilleOK,"Collinsville, Oklahoma"
CushingOK,"Cushing, Oklahoma"
DelCityOK,"Del City, Oklahoma"
DuncanOK,"Duncan, Oklahoma"
DurantOK,"Durant, Oklahoma"
EdmondOK,"Edmond, Oklahoma"
ElRenoOk,"El Reno, Oklahoma"
Enid_OK,"Enid, Oklahoma"
eufaula_freecycle,"Eufaula, Oklahoma"
FrederickOK,"Frederick, Oklahoma"
Freecycle_TexasCo_OK,"Texas County, Oklahoma"
glenpoolfreecycle,"Glenpool, Oklahoma"
GrantCountyOK,"Grant County, Oklahoma"
GuthrieOK,"Guthrie, Oklahoma"
HenryettaOK,"Henryetta, Oklahoma"
HobartOK,"Hobart, Oklahoma"
HughesCountyOK,"Hughes County, Oklahoma"
IdabelOK,"Idabel, Oklahoma"
JacksonCountyOK,"Jackson County, Oklahoma"
KansasOK,"Kansas, Oklahoma"
KingfisherOK,"Kingfisher, Oklahoma"
LatimerCntyOK,"Latimer County, Oklahoma"
LawtonOK,"Lawton, Oklahoma"
LeFloreCntyOK,"Le Flore County, Oklahoma"
MannfordOK,"Mannford, Oklahoma"
McAlesterOK,"McAlester, Oklahoma"
MiamiOkFreecycle,"Miami, Oklahoma"
MidwestCityOK,"Midwest City, Oklahoma"
MooreOK,"Moore, Oklahoma"
MuldrowOK,"Muldrow, Oklahoma"
MuskogeeOK,"Muskogee, Oklahoma"
Newcastle-BlanchardOK,"Blanchard, Oklahoma"
NormanOK,"Norman, Oklahoma"
OKCFreecycle,"Oklahoma City, Oklahoma"
OkmulgeeOK,"Okmulgee, Oklahoma"
OwassoOklahomaFreecycle,"Owasso, Oklahoma"
PaulsValleyOK,"Pauls Valley, Oklahoma"
PawneeOK,"Pawnee, Oklahoma"
PerryOK,"Perry, Oklahoma"
PoncaCityOK,"Ponca City, Oklahoma"
PryorOK,"Pryor, Oklahoma"
Purcell-Lexington-OK,"Purcell, Oklahoma"
RogerMillsCountyOK,"Roger Mills County, Oklahoma"
SandSpringsFreecycle,"Sand Springs, Oklahoma"
SapulpaOK,"Sapulpa, Oklahoma"
SeilingOK,"Seiling, Oklahoma"
SeminoleOK,"Seminole, Oklahoma"
ShawneeOKFreecycle,"Shawnee, Oklahoma"
SkiatookOK,"Skiatook, Oklahoma"
StillwaterOK,"Stillwater, Oklahoma"
TahlequahOK,"Tahlequah, Oklahoma"
TecumsehPinkFreecycle,"Tecumseh Pink, Oklahoma"
TulsaOkFreecycle,"Tulsa, Oklahoma"
TurleyandSperryOK,"Turley, Oklahoma"
VinitaOK,"Vinita, Oklahoma"
WagonerOK,"Wagoner, Oklahoma"
WashitaOK,"Washita County, Oklahoma"
WatongaOK,"Watonga, Oklahoma"
WaurikaOK,"Waurika, Oklahoma"
WoodwardCityOK,"Woodward, Oklahoma"
ws_freecycle,"Stilwell, Oklahoma"
albany_freecycle,"Albany, Oregon"
ApplegateOR,"Applegate, Oregon"
AshlandOR,"Ashland, Oregon"
AstoriaOR,"Astoria, Oregon"
BakerCityOR,"Baker City, Oregon"
BandonOR,"Bandon, Oregon"
BendOR,"Bend, Oregon"
BrookingsHarborOR,"Brookings, Oregon"
CentralOregonCoast,"Newport, Oregon"
ChemultOR,"Chemult, Oregon"
ClatsopCountyOR,"Clatsop County, Oregon"
ColumbiaCntyOR,"Columbia County, Oregon"
CoosCntyOR,"Coos County, Oregon"
CorvallisOr,"Corvallis, Oregon"
EaglePointOR,"Eagle Point, Oregon"
FlorenceOR,"Florence, Oregon"
FortRockOr,"Fort Rock, Oregon"
Freecycle-Eugene,"Eugene, Oregon"
freecyclemcminnville,"McMinnville, Oregon"
Freecycle-OR-Lake-Oswego,"West Linn, Oregon"
freecycle-or-roseburg,"Roseburg, Oregon"
GilliamCountyOR,"Gilliam County, Oregon"
GrantsPassOR,"Grants Pass, Oregon"
GreshamOR,"Gresham, Oregon"
grvfreecycle,"La Grande, Oregon"
HermistonOR,"Hermiston, Oregon"
HillsboroOR,"Hillsboro, Oregon"
IllinoisValleyOR,"Kerby, OR 97531"
KeizerOR,"Keizer, Oregon"
KlamathFallsOR,"Klamath Falls, Oregon"
LebanonOR,"Lebanon, Oregon"
MadrasOR,"Madras, Oregon"
MedfordOR,"Medford, Oregon"
MerlinOR,"Merlin, Oregon"
MolallaColtonMulinoOR,"Molalla, Oregon"
MtHoodOR,"Mt. Hood, Oregon"
NewbergOR,"Newberg, Oregon"
NewportOR,"Newport, Oregon"
oakgrovejenningslodgeOR,"Oak Grove, Oregon"
OntarioOR,"Ontario, Oregon"
OregonCityOR,"Oregon City, Oregon"
PilotRock_PendletonOR,"Pilot Rock, Oregon"
PolkCntyOR,"Dallas, Oregon"
PortlandOR,"Portland, Oregon"
SalemOR,"Salem, Oregon"
SpringfieldOR,"Springfield, Oregon"
StaytonOR,"Stayton, Oregon"
SweetHomeOR,"Sweet Home, Oregon"
TheDallesOR,"The Dalles, Oregon"
Troutdale-Fairview-WoodVillageOR,"Troutdale, Oregon"
WallowaCountyOR,"Wallowa County, Oregon"
Williams-ProvoltOR,"Provolt, Oregon"
YukonFreecycle,"Yukon , Oklahoma"
WoodburnOR,"Woodburn, Oregon"
AberdeenSD,"Aberdeen, South Dakota"
BonHommeSD,"Bon Homme County, South Dakota"
BrookingsCountySD,"Brookings County, South Dakota"
CusterCountySD,"Custer County, South Dakota"
FallRiverCountySD,"Fall River County, South Dakota"
HuronSD,"Huron, South Dakota"
MadisonSD,"Madison, South Dakota"
MeadeCountySD,"Meade County, South Dakota"
Milbank,"Milbank, South Dakota"
MitchellSD,"Mitchell, South Dakota"
PierreSD,"Pierre, South Dakota"
RapidCitySD,"Rapid City, South Dakota"
RobertsCntySD,"Roberts County, South Dakota"
SiouxFallsSD,"Sioux Falls, South Dakota"
TurnerCounty,"Turner County, South Dakota"
VermillionSD,"Vermillion, South Dakota"
WatertownSD,"Watertown, South Dakota"
YanktonSD,"Yankton, South Dakota"
AbileneTX,"Abilene, Texas"
AllenTXFreecycle,"Allen, Texas"
alvin_freecycle,"Alvin, Texas"
AmarilloTX,"Amarillo, Texas"
AngeltonTX,"Angleton, Texas"
AransasTX,"Rockport, Texas"
group/ArlingtonTX,"Arlington, Texas"
AtascosaCounty-Freecycle,"Atascosa County, Texas"
AthensTX,"Athens, Texas"
AubreyTx,"Aubrey, Texas"
AustinTX,"Austin, Texas"
AzleTxFreecycle,"Azle, Texas"
BanderaTX,"Bandera, Texas"
bastrop_freecycle,"Bastrop, Texas"
BayCityTX,"Bay City, Texas"
BaytownTX,"Baytown, Texas"
BeaumontTX,"Beaumont, Texas"
BeevilleTXFreecycle,"Beeville, Texas"
BeltonTempleTX,"Belton Temple, Texas"
BigSpringTX,"Big Spring, Texas"
BlancoCntyTX,"Blanco County, Texas"
BoerneTX,"Boerne, Texas"
BolivarPeninsulaTX,"Bolivar Peninsula, Texas"
BonhamTX,"Bonham, Texas"
BosqueTX,"Bosque County, Texas"
BradyTX,"Brady, Texas"
BrenhamTX,"Brenham, Texas"
BrewsterCntyTX,"Brewster County, Texas"
BrownfieldTx,"Brownfield, Texas"
BrownsvilleTX,"Brownsville, Texas"
BrownwoodTX,"Brownwood, Texas"
Buffalo_LeonCounty_Freecycle,"Buffalo Leon County, Texas"
BulverdeTX,"Bulverde, Texas"
CaldwellTX,"Caldwell, Texas"
CallahanCountyTX,"Callahan County, Texas"
CarrolltonTX,"Carrollton, Texas"
CedarHillTX,"Cedar Hill, Texas"
Center_TX,"Center, Texas"
central_dallas,"Dallas, Texas"
CentrevilleTX,"Centreville , Texas"
ClearLakeTX,"Clear Lake, Texas"
CleburneTX,"Cleburne, Texas"
ClevelandTX,"Cleveland, Texas"
ColemanCountyTX,"Coleman County, Texas"
CollegeStation_BryanTX,"College Station, Texas"
ColleyvilleTX,"Colleyville, Texas"
ColoradoCity-MitchellCountyFreecycle,"Colorado City, Texas"
ColumbusTX,"Columbus, Texas"
ComancheCountyTX,"Comanche County, Texas"
CommerceTX,"Commerce, Texas"
CoppellTx,"Coppell, Texas"
CopperasCoveTX,"Copperas Cove, Texas"
CorpusChristiTX,"Corpus Christi, Texas"
CraneCountyTexas,"Crane County, Texas"
CrockettTXFreecycle,"Crockett, Texas"
CrowleyBurlesonTX,"Crowley, Texas"
cyfairfreecycle,"Cypress, Texas"
DecaturTX,"Decatur, Texas"
DeerParkTX,"Deer Park, Texas"
DentonTX,"Denton, Texas"
EastDallasTX,"Dallas, Texas 75227"
EastlandCountyTX,"Eastland County, Texas"
EdnaTX,"Edna, Texas"
ElginCouplandLexingtonManorTX,"Elgin, Texas"
EllisCountyFreecycle,"Ellis County, Texas"
ElPasoTX,"El Paso, Texas"
erathcountyfreecycle,"Erath County, Texas"
FairfieldTX,"Fairfield, Texas"
FarmersBranchTX,"Farmers Branch, Texas"
Floresville_LaVerniaTX,"Floresville, La Vernia
FlowerMoundTX,"Flower Mound, Texas"
FortHoodTXFreecycle,"Fort Hood, Texas"
FossilCreekTxFreecycle,"Fort Worth, TX 76137"
FredericksburgTX,"Fredericksburg, Texas"
FreecycleCorinth,"Corinth, Texas"
FreecycleTomball-NWHou,"Tomball, Texas"
FriscoTX,"Frisco, Texas"
ftworthfreecycle,"Fort Worth, Texas"
GainesvilleTX,"Gainesville, Texas"
GalvestonTX,"Galveston, Texas"
GarlandTX,"Garland, Texas"
GatesvilleFreecycle,"Gatesville, Texas"
GeorgetownTX,"Georgetown, Texas"
GonzalesTX,"Gonzales, Texas"
GrahamTX,"Graham, Texas"
GranburyTX,"Granbury, Texas"
GrandPrairieTX,"Grand Prairie, Texas"
GrapevineTX,"Grapevine, Texas"
GreenvilleTX,"Greenville, Texas"
GunBarrel_Freecycle,"Gun Barrel City, Texas"
HaltomCityTX,"Haltom City, Texas"
harlingentxfreecycle,"Harlingen, Texas"
HaskellCoTexasFreecycle,"Haskell County, Texas"
herefordtxfreecycle,"Hereford, Texas"
HickoryCreek-LakeDallasTX,"Hickory Creek, Texas"
HillCountry,"Hill Country, Texas"
HillsboroTX,"Hill County, Texas"
Hondo-LaCoste,"Hondo, Texas"
HoustonFreecycle,"Houston, Texas"
HoustonHeightsMontroseTX,"Montrose, Texas"
HoustonWestchaseFreecycle,"Westchase, Texas"
HumbleKingwoodTX,"Humble, Texas"
HuntsvilleTX,"Huntsville, Texas"
HurstEulessBedfordTX,"Bedford, Texas"
IrvingTX,"Irving, Texas"
JacksboroTX,"Jacksboro, Texas"
JacksonvilleTX,"Jacksonville, Texas"
JasperTX,"Jasper, Texas"
KatyBrookshireTXFreecycle,"Katy, Texas"
KaufmanTX,"Kaufman County, Texas"
KellerTX,"Keller, Texas"
KerrvilleTX,"Kerrville, Texas"
KilleenTX,"Killeen, Texas"
KyleTX,"Kyle, Texas"
lakejacksonfreecycle,"Lake Jackson, Texas"
LakeLivingstonTxAreaFreecycle,"Livingston, Texas"
LamesaTX,"Lamesa, Texas"
LampasasTX,"Lampasas, Texas"
LancasterTXFreecycle,"Lancaster, Texas"
LaPorteTexas,"La Porte, Texas"
laredofreecycle,"Laredo, Texas"
LeanderCedarParkTX,"Leander, Texas"
LewisvilleTX,"Lewisville, Texas"
LibertyDaytonTX,"Dayton, Texas"
LibertyHillTX,"Liberty Hill, Texas"
LimestoneCntyTX,"Limestone County, Texas"
LittleElmTXFreecycle,"Little Elm, Texas"
LlanoTX,"Llano, Texas"
LockhartTxFreecycle,"Lockhart, Texas"
LongviewTX,"Longview, Texas"
LubbockTX,"Lubbock, Texas"
LufkinTX,"Lufkin, Texas"
LumbertonTX,"Lumberton, Texas"
MadisonvilleTX,"Madison County, Texas"
MansfieldTX,"Mansfield, Texas"
MarbleFallsTX,"Marble Falls, Texas"
MarshallTX,"Marshall, Texas"
MathisTXFreecycle,"Mathis, Texas"
McAllenTX,"McAllen, Texas"
McKinney_TX_Freecycle,"McKinney, Texas"
MesquiteTX,"Mesquite, Texas"
MilamCountyFreecycle,"Milam County, Texas"
MineralWellsTX,"Mineral Wells, Texas"
MissionTX,"Mission, Texas"
montaguecounty,"Montague County Texas, Texas"
MontgomeryCntyTX,"Montgomery County, Texas"
MtPleasantTX,"Morris, Texas"
NacogdochesTX,"Nacogdoches, Texas"
Navarro_County_TX,"Navarro County, Texas"
NavasotaTX,"Navasota, Texas"
newbostontxfreecycle,"New Boston, Texas"
NewBraunfelsTX,"New Braunfels, Texas"
northdallasfreecycle,"North Dallas, Texas"
OakCliffTX,"Oak Cliff, Texas"
omfreecycle,"Midland, Texas"
OzonaTXFreecycle,"Ozona, Texas"
PalestineTX,"Palestine, Texas"
PampaTX,"Pampa, Texas"
PanolaCountyFreecycle,"Panola County, Texas"
ParisTX,"Paris, Texas"
PasadenaTX,"Pasadena, Texas"
PearlandTX,"Pearland, Texas"
PflugervilleTX,"Pflugerville, Texas"
PlainviewTX,"Plainview, Texas"
PlanoTXFreecycle,"Plano, Texas"
PortIsabelSouthPadreTX,"Port Isabel, Texas"
QuinlanTX,"Quinlan, Texas"
rainscountyfreecycle,"Rains County, Texas"
RefugioCoTX,"Refugio County, Texas"
rich_rosetxfreecycle,"Richmond, Texas"
RichlandHillsTX,"Richland Hills, Texas"
Roanoke-TrophyClubTX,"Roanoke, Texas"
RockwallTX,"Rockwall, Texas"
Rosebud-LottTX,"Lott, Texas"
RoundRockTX,"Round Rock, Texas"
RowlettTX,"Rowlett, Texas"
RunnelsCountyTX,"Runnels County, Texas"
SaginawTX,"Saginaw, Texas"
SanAngeloTX,"San Angelo, Texas"
SanAntonioTXFreecycle,"San Antonio, Texas"
SanJacintoCoTX,"San Jacinto County, Texas"
SanMarcosTX,"San Marcos, Texas"
SCUC-TX-Freecycle,"Schertz, Texas"
SeguinMcQueeneyTX,"Seguin McQueeney, Texas"
ShermanTX,"Sherman, Texas"
Sinton,"Sinton, Texas"
SmithvilleTXFreecycle,"Smithville, Texas"
SnyderTX,"Snyder, Texas"
SouthlakeTX,"Southlake Texas, Texas"
Spring_TX_Freecycle,"Spring, Texas"
SpringBranchTX,"Spring Branch, Texas"
SterlingCountyTX,"Sterling County, Texas"
SudanLittlefieldTX,"Littlefield, Texas"
SugarlandTX,"Sugar Land, Texas"
SulphurSpringsTX,"Sulphur Springs, Texas"
SweetwaterTXFreecycle,"Sweetwater, Texas"
TaylorTX,"Taylor, Texas"
TexarkanaTX,"Texarkana, Texas"
TylerTXFreecycle,"Tyler, Texas"
UptonCountyTX,"Upton County, Texas"
VanZandtCountyFreeCycle,"Van Zandt County, Texas"
VictoriaTX,"Victoria, Texas"
WacoTX,"Waco, Texas"
WallerPVHempsteadTX,"Waller PV Hempstead, Texas"
WeatherfordTX,"Weatherford, Texas"
WeslacoTX,"Weslaco, Texas"
whartoncountyfreecycle,"Wharton County, Texas"
white_settlement_freecycle_network,"White Settlement, Texas"
WichitaFallsTX,"Wichita Falls, Texas"
WilbargerCountyTX,"Wilbarger County, Texas"
WoodCntyTX,"Quitman, Texas"
WylieTX,"Wylie, Texas"
beavercounty_freecycle,"Beaver, Utah"
CedarCityUT,"Cedar City, Utah"
DavisCountyUT,"Davis County, Utah"
SanpeteCounty,"Manti, Utah"
HeberUT,"Heber City, Utah"
KanabUT,"Kanab, Utah"
LehiFreecycle,"Lehi, Utah"
littlecottonwoodcanyon,"Granite, Utah"
LoganFreecycle,"Logan, Utah"
MoabUT,"Moab, Utah"
MonticelloUT,"Monticello, Utah"
MorganCountyUT,"Morgan, Utah"
NorthUtahUT,"North, Utah"
OakCity-DeltaUT,"Delta, Utah"
OgdenFreecycle,"Ogden, Utah"
PaysonUT,"Payson, Utah"
PriceUT,"Price, Utah"
ProvoUTFreecycle,"Provo, Utah"
RichfieldUt,"Richfield, Utah"
SaltLakeCity,"Salt Lake City, Utah"
SpanishForkFreecycle,"Spanish Fork, Utah"
springvilleutfreecycle,"Springville, Utah"
StGeorgeUT,"St. George, Utah"
tooelefreecycle,"Tooele, Utah"
VernalUT,"Vernal, Utah"
AmboyCougarWA,"Amboy, Washington"
BainbridgeIslandWA,"Bainbridge Island, Washington"
BellevueKirkland,"Bellevue, Washington"
BellinghamWA,"Bellingham, Washington"
BothellWA,"Bothell, Washington"
CentraliaWA,"Centralia, Washington"
ColvilleWA,"Colville, Washington"
Enumclaw,"Enumclaw, Washington"
EverettWA,"Everett , Washington"
freecycle-vancouver-wa,"Vancouver, Washington"
GrantCntyWa,"Grant County, Washington"
GraysHarborWA,"Grays Harbor, Washington"
JeffersonCountyWA,"Jefferson County, Washington"
KennewickWA,"Kennewick, Washington"
KittitasValleyFreecycle,"Ellensburg, WA"
LakewoodAreaFreecycle,"Lakewood, Washington"
LongviewWA_Freecycle,"Longview, Washington"
MasonCntyWA,"Mason County, Washington"
MossyrockWa,"Mossyrock, Washington"
MountVernonWA,"Mount Vernon, Washington"
NewportWA,"Newport, Washington"
OkanoganWA,"Okanogan, Washington"
Olympia_WA_Freecycle,"Olympia, Washington"
PacificCountyWA,"Pacific County, Washington"
PortAngelesWA,"Port Angeles, Washington"
PullmanWA,"Pullman, Washington"
PuyallupAreaFreecycle,"Puyallup Area, Washington"
randle_packwood_WA,"Randle, Washington"
RedmondWA,"Redmond, Washington"
SanJuanIsland,"San Juan Island, Washington"
SeattleWA,"Seattle, Washington"
ShorelineWA,"Shoreline, Washington"
SilverdaleWA,"Silverdale, Washington"
SnoqualmieWA,"Snoqualmie, Washington"
SpokaneWA,"Spokane, Washington"
StanwoodCamanoWA,"Stanwood, Washington"
TacomaWA,"Tacoma, Washington"
VashonIslandWA,"Vashon Island, Washington"
WallaWallaWA,"Walla Walla, Washington"
WenatcheeWA,"Wenatchee, Washington"
WhidbeyWA,"Whidbey Island, Washington"
WoodinvilleWA,"Woodinville, Washington"
YakimaWA,"Yakima, Washington"
BigHornCo,"Big Horn County, Wyoming"
CarbonCountyWY,"Carbon County, Wyoming"
CasperWY,"Casper, Wyoming"
cheyennefreecycle,"Cheyenne, Wyoming"
FremontCountyWY,"Fremont County, Wyoming"
GilletteWY,"Gillette, Wyoming"
GoshenCountyWY,"Goshen County, Wyoming"
LaramieWY,"Laramie, Wyoming"
ParkCoWY,"Park County, Wyoming"
PlatteCoWy,"Platte County, Wyoming"
RockSpringsWY,"Rock Springs, Wyoming"
SheridanCoWy,"Sheridan County, Wyoming"
StarValley,"Star Valley Ranch, Wyoming"
SubletteWY,"Sublette County, Wyoming"
TetonCountyWY,"Jackson, Wyoming"
UintaCountyWY,"Uinta County, Wyoming"
WashakieCoWy,"Washakie County, Wyoming"
WestonCountyWY,"Weston County, Wyoming"
LawrenceCoMO,"Mount Vernon, MO"
ColusaCountyCA,"Colusa, CA"
DuchesneCountyUT,"Duchesne, Utah"
group/HoustonISDTX,"4400 W 18th St. Houston, TX 77092"
JoDaviessCountyIL,"Galena, IL"
